Run,TimeSeconds
1,0.09041571617126465
2,6.508827209472656e-05
3,5.054473876953125e-05
4,5.7220458984375e-05
5,6.008148193359375e-05
6,8.96453857421875e-05
7,6.389617919921875e-05
8,0.00013566017150878906
9,7.915496826171875e-05
10,6.365776062011719e-05
